{
    "0": {
        "RMSE": 21.576626322486185,
        "MAE": 12.627263224486148,
        "MAPE": 0.05867304020758831,
        "masked_mape": 0.05867304020758831
    },
    "1": {
        "RMSE": 26.71415016145417,
        "MAE": 13.97512402678981,
        "MAPE": 0.06888457875924581,
        "masked_mape": 0.0590749786263614
    },
    "2": {
        "RMSE": 34.474269317858145,
        "MAE": 17.889146689212684,
        "MAPE": 0.07103195320814848,
        "masked_mape": 0.06682887072251602
    },
    "3": {
        "RMSE": 44.317148172494136,
        "MAE": 21.937943837859414,
        "MAPE": 0.07705770162018863,
        "masked_mape": 0.0716549785751285
    },
    "4": {
        "RMSE": 55.4402800581672,
        "MAE": 26.982726852099102,
        "MAPE": 0.08892047540708022,
        "masked_mape": 0.08892047540708022
    },
    "5": {
        "RMSE": 67.65596998099124,
        "MAE": 33.26692021254337,
        "MAPE": 0.1348278960495284,
        "masked_mape": 0.1348278960495284
    },
    "Avg": {
        "RMSE": 41.69640733557518,
        "MAE": 21.113187473831754,
        "MAPE": 0.08323260754196331,
        "masked_mape": 0.0799967065980338
    }
}